email , password
testing_mailbox_1@1wqf3d.onmicrosoft.com , m365password@123
testing_mailbox_7004@1wqf3d.onmicrosoft.com ,
testing_mailbox_7005@1wqf3d.onmicrosoft.com ,
testing_mailbox_7006@1wqf3d.onmicrosoft.com ,
testing_mailbox_7007@1wqf3d.onmicrosoft.com ,
testing_mailbox_7008@1wqf3d.onmicrosoft.com ,
testing_mailbox_7009@1wqf3d.onmicrosoft.com ,
testing_mailbox_7010@1wqf3d.onmicrosoft.com ,
testing_mailbox_7011@1wqf3d.onmicrosoft.com ,
testing_mailbox_7012@1wqf3d.onmicrosoft.com ,
testing_mailbox_7013@1wqf3d.onmicrosoft.com ,